{"cameraMode":{"drawMode":0,"name":"Shaded","section":"Shading Mode"},"sceneLighting":false,"audioPlay":false,"sceneViewState":{"m_AlwaysRefresh":false,"showFog":true,"showSkybox":false,"showFlares":true,"showImageEffects":true,"showParticleSystems":true,"showVisualEffectGraphs":true,"m_FxEnabled":true},"in2DMode":false,"pivot":{"x":6.307955265045166,"y":1.7842626571655274,"z":-2.136786460876465},"rotation":{"x":-0.11687039583921433,"y":0.05419920012354851,"z":-0.006377626676112413,"w":-0.9916744232177734},"size":0.8660253882408142,"orthographic":false}