{"cameraMode":{"drawMode":0,"name":"Shaded","section":"Shading Mode"},"sceneLighting":true,"audioPlay":false,"sceneViewState":{"m_AlwaysRefresh":false,"showFog":true,"showSkybox":true,"showFlares":true,"showImageEffects":true,"showParticleSystems":true,"showVisualEffectGraphs":true,"m_FxEnabled":true},"in2DMode":false,"pivot":{"x":10.599735260009766,"y":-36.277259826660159,"z":42.28738021850586},"rotation":{"x":0.4476753771305084,"y":-0.14085817337036134,"z":0.06961054354906082,"w":0.8805029988288879},"size":44.07862854003906,"orthographic":false}