{"cameraMode":{"drawMode":0,"name":"Shaded","section":"Shading Mode"},"sceneLighting":true,"audioPlay":false,"sceneViewState":{"m_AlwaysRefresh":false,"showFog":true,"showSkybox":true,"showFlares":true,"showImageEffects":true,"showParticleSystems":true,"showVisualEffectGraphs":true,"m_FxEnabled":true},"in2DMode":false,"pivot":{"x":21.71933937072754,"y":-68.93115997314453,"z":30.068872451782228},"rotation":{"x":0.6336442232131958,"y":-0.00263583124615252,"z":-0.00046690640738233924,"w":0.7738791704177856},"size":46.709373474121097,"orthographic":false}